{"cameraMode":{"drawMode":0,"name":"Shaded","section":"Shading Mode"},"sceneLighting":true,"audioPlay":false,"sceneViewState":{"showFog":true,"showMaterialUpdate":false,"showSkybox":true,"showFlares":true,"showImageEffects":true,"showParticleSystems":true,"showVisualEffectGraphs":true,"m_FxEnabled":true},"in2DMode":false,"pivot":{"x":0.6087420582771301,"y":0.7517188787460327,"z":-1.0410215854644776},"rotation":{"x":-0.30292564630508425,"y":-0.3356492221355438,"z":0.11512204259634018,"w":-0.8845617175102234},"size":0.09999680519104004,"orthographic":false}